<?xml version="1.0" encoding="utf-8"?>
<cck type="fields">
	<author>Octopoos</author>
	<authorEmail>contact@seblod.com</authorEmail>
	<authorUrl>https://www.seblod.com</authorUrl>
	<copyright>Copyright (C) 2009 - 2016 SEBLOD. All Rights Reserved.</copyright>
	<license>GNU General Public License version 2 or later.</license>
	<description>SEBLOD 3.x - www.seblod.com</description>
	<field>
		<id>0</id>
		<title>More Address to Coordinates Types</title>
		<name>more_address_to_coordinates_types</name>
		<folder>core</folder>
		<type>select_simple</type>
		<description />
		<published>0</published>
		<label>Type</label>
		<selectlabel>All</selectlabel>
		<display>3</display>
		<required />
		<validation />
		<defaultvalue />
		<options>Addresses=geocode||Cities=(cities)||Establishments=establishment||Regions=(regions)</options>
		<options2>{&quot;options&quot;:[]}</options2>
		<minlength>0</minlength>
		<maxlength>255</maxlength>
		<size>32</size>
		<cols>0</cols>
		<rows>0</rows>
		<ordering>0</ordering>
		<sorting>0</sorting>
		<divider />
		<bool>0</bool>
		<location />
		<extended />
		<style />
		<script />
		<bool2>0</bool2>
		<bool3>0</bool3>
		<bool4>0</bool4>
		<bool5>0</bool5>
		<bool6>0</bool6>
		<bool7>0</bool7>
		<bool8>1</bool8>
		<css />
		<attributes />
		<storage>dev</storage>
		<storage_cck />
		<storage_location />
		<storage_table />
		<storage_field>json[options2][types]</storage_field>
		<storage_field2 />
		<storage_params />
		<storages />
		<checked_out>0</checked_out>
		<checked_out_time>0000-00-00 00:00:00</checked_out_time>
	</field>
</cck>