<?xml version="1.0" encoding="utf-8"?>
<extension type="plugin" group="cck_field" version="2.5" method="upgrade">
	<name>plg_cck_field_address_to_coordinates</name>
	<author>Octopoos</author>
	<authorEmail>contact@seblod.com</authorEmail>
	<authorUrl>http://www.seblod.com</authorUrl>
	<copyright>Copyright (C) 2009 - 2016 SEBLOD. All Rights Reserved.</copyright>
	<license>GNU General Public License version 2 or later.</license>
	<creationDate>May 2013</creationDate>
	<description>SEBLOD 3.x - www.seblod.com // by Octopoos - www.octopoos.com</description>
	<version>1.3.0</version>
	
	<scriptfile>install/script.php</scriptfile>
	
	<files>
		<folder>assets</folder>
		<folder>classes</folder>
		<folder>install</folder>
		<folder>tmpl</folder>
		
		<filename plugin="address_to_coordinates">address_to_coordinates.php</filename>
		<filename>index.html</filename>
	</files>
	
	<languages folder="languages">
		<language tag="en-GB">en-GB/en-GB.plg_cck_field_address_to_coordinates.ini</language>
		<language tag="en-GB">en-GB/en-GB.plg_cck_field_address_to_coordinates.sys.ini</language>
		<language tag="fr-FR">fr-FR/fr-FR.plg_cck_field_address_to_coordinates.ini</language>
		<language tag="fr-FR">fr-FR/fr-FR.plg_cck_field_address_to_coordinates.sys.ini</language>
	</languages>
	
	<config>
		<fields name="params" addfieldpath="/libraries/cck/construction/field">
			<fieldset name="basic">
				<field name="api_key" type="text" default="" label="PLG_CCK_FIELD_ADDRESS_TO_COORDINATES_API_KEY" description="PLG_CCK_FIELD_ADDRESS_TO_COORDINATES_API_KEY_DESC" class="inputbox" />
			</fieldset>
			
			<fieldset name="advanced">
				<field name="group" type="text" default="PLG_CCK_FIELD_GROUP_PROCESSING" label="LIB_CCK_GROUP_LABEL" size="60" description="LIB_CCK_FIELD_GROUP_DESC" />
				<field name="export" type="cckexport" default="" label="LIB_CCK_EXPORT_LABEL" description="LIB_CCK_FIELD_EXPORT_DESC" />
			</fieldset>
		</fields>
	</config>

	<updateservers>
		<server type="extension" priority="1" name="Address to Coordinates Field Plug-in Updates">http://update.seblod.com/plg_cck_field_address_to_coordinates.xml</server>
	</updateservers>
</extension>